<?xml version="1.0" encoding="UTF-8"?>

<!DOCTYPE mapper PUBLIC "-//mybatis.org//DTD Mapper 3.0//EN"
        "http://mybatis.org/dtd/mybatis-3-mapper.dtd">

<mapper namespace="com.meeting_site_project.YM.mapper.MemberMapper">

    <select id="getCnt2" resultType="Integer">
        select count(*) from member
    </select>

    <insert id="insertMember" parameterType="JoinMember">
        INSERT INTO member VALUES (#{userId}, #{userName}, #{userPicture}, #{userMbti}, #{userPassword}, '', 0, #{birthday}, #{nickName}, #{emailId}, #{emailDomain}, sysdate)
    </insert>

    <select id="selectByIdPassword" resultType="member" parameterType="String">
        SELECT * FROM member WHERE userID=#{userId} AND userPassword = #{userPassword}
    </select>

    <select id="selectById" resultType="member" parameterType="String">
        SELECT * FROM member WHERE userID=#{userId}
    </select>

    <select id="selectByNickName" resultType="member" parameterType="String">
        SELECT * FROM member WHERE nickName=#{nickName}
    </select>

    <select id="selectByEmail" resultType="member" parameterType="String">
        SELECT * FROM member WHERE emailId=#{emailId} AND emailDomain=#{emailDomain}
    </select>

    <!-- 관리자를 위한 쿼리 문 -->
    <select id="getMemberList" resultType="member"> <!-- 전체 회원 조회를 위한 SELECT문 (관리자) -->
        SELECT * FROM member
    </select>
    <select id="selectMemberById" resultType="member" parameterType="String"> <!-- 회원 수정을 위한 SELECT문 (관리자) -->
        SELECT * FROM member WHERE userId=#{userId}
    </select>
    <update id="updateMemberAdmin" parameterType="java.util.HashMap"> <!-- 회원 권한 수정 (관리자) -->
        update member set userAdmin = #{userAdmin} where userId = #{userId}
    </update>
    <delete id="deleteMemberById" parameterType="String">
        DELETE FROM member WHERE userId=#{userId}
    </delete>

    <select id="getCnt3" resultType="groupInfo">
        SELECT * FROM GroupInfo
    </select>

    <insert id="insertFirstMeeting" parameterType="groupInfo">
        INSERT INTO GroupInfo VALUES (#{groupId}, #{ownerUserId}, #{sidoName}, #{sigoonName}, #{groupName}, #{groupInfo}, #{groupNumberOfPeople}, #{groupPicture}, #{groupPicturePath}, sysdate, #{meeting})
    </insert>

    <select id="selectByMeeting" resultType="groupInfo" parameterType="int">
        SELECT * FROM GroupInfo WHERE meeting = #{meeting}
    </select>


</mapper>